<?xml version="1.0" encoding="utf-8"?>
<install type="module" version="1.5.0">
	<name>GCalendar Overview</name>
	<author>allon</author>
	<creationDate>Jan 2009</creationDate>
	<copyright>This module is released under the GNU/GPL License.
	</copyright>
	<license>http://www.gnu.org/copyleft/gpl.html
		GNU/GPL</license>
	<authorEmail>allon.moritz@gmail.com</authorEmail>
	<authorUrl>gcalendar.allon.ch</authorUrl>
	<version>2.0.1</version>
	<description>This module shows the google calendar at a module
		position.</description>
	<files>
		<filename module="mod_gcalendar">mod_gcalendar.php
		</filename>
		<filename>index.html</filename>
		<filename>helper.php</filename>
		<filename>tmpl/default.php</filename>
		<filename>tmpl/index.html</filename>
	</files>
	<languages>
		<language tag="en-GB">languages/en-GB.mod_gcalendar.ini
		</language>
	</languages>
	<params>
		<param name="name" type="text" size="80" default="" label="Calendar name"
			description="The name of the google calendar. Specified in the GCalendar component." />
		<param name="url" type="text" size="80" default="" label="Url"
			description="Alternative url for a calendar. If this url is set the calendar url will be ignored." />
		<param name="scrolling" type="radio" default="auto" label="Scroll Bars"
			description="SHOW/HIDE HORIZONTAL AND VERTICAL SCROLL BARS.">
			<option value="no">No</option>
			<option value="yes">Yes</option>
			<option value="auto">Auto</option>
		</param>
		<param name="width" type="text" size="5" default="100%" label="Width"
			description="PARAMWIDTH" />
		<param name="height" type="text" size="5" default="300" label="Height"
			description="HEIGHT OF THE IFRAME WINDOW" />
		<param name="@spacer" type="spacer" default="" label=""
			description="" />
		<param name="moduleclass_sfx" type="text" size="80" default=""
			label="Module Class Suffix" description="PARAMMODULECLASSSUFFIX" />
	</params>
</install>