<?xml version="1.0" encoding="utf-8"?>
<install type="component" version="1.5.0">
	<name>JCalPro</name>
	<creationDate>2008-07-13</creationDate>
	<author>Anything Digital</author>
	<copyright>This component is released under the GNU/GPL License</copyright>
	<authorEmail>admin@anything-digital.com</authorEmail>
	<authorUrl>dev.anything-digital.com</authorUrl>
    <license>License Info</license>
	<version>1.5.3 (build_282)</version>
	<description>JCal Pro is an W3C XHTML/CSS-validated events calendar component with a gorgeous, CSS-based, front-end display. Features include native Joomla! permissioning (ACL) for event creation/management, administrative event aproval with e-mail notification, backend event management, cloakmail plugin support, WYSIWYG event descriptions using the Joomla! editing plugin and integrated management of calendar themes. Further details and documentation can be found at <a href="http://dev.anything-digital.com" target="_blank">dev.anything-digital.com</a>.</description>
	<files folder="site">
		<filename>admin_events.php</filename>	
		<filename>cal_search.php</filename>
		<filename>cal_popup.php</filename>
		<filename>changelog</filename>
		<filename>config.inc.php</filename>
		<filename>index.html</filename>
		<filename>jcalpro.class.php</filename>
		<filename>jcalpro.php</filename>
        <filename>controller.php</filename>
        <filename>router.php</filename>
		<filename>LICENSE</filename>

		<filename>images/index.html</filename>
		<filename>images/minipics/index.html</filename>
		
		<filename>include/colorpicker.php</filename>
		<filename>include/dblib.php</filename>
		<filename>include/functions.inc.php</filename>
		<filename>include/index.html</filename>
		
		<filename>lib/event.inc.php</filename>
		<filename>lib/index.html</filename>
		<filename>lib/xmlrpc.inc</filename>

		<filename>languages/index.html</filename>		
		<filename>languages/brazilian_portuguese/index.php</filename>
		<filename>languages/brazilian_portuguese/index.html</filename>
		<filename>languages/catalan/index.php</filename>
		<filename>languages/catalan/index.html</filename>
		<filename>languages/czech/index.php</filename>
		<filename>languages/czech/index.html</filename>	
		<filename>languages/danish/index.php</filename>
		<filename>languages/danish/index.html</filename>		
		<filename>languages/dutch/index.php</filename>
		<filename>languages/dutch/index.html</filename>		
		<filename>languages/english/index.php</filename>
		<filename>languages/english/index.html</filename>		
		<filename>languages/french/index.php</filename>
		<filename>languages/french/index.html</filename>
		<filename>languages/german/index.php</filename>
		<filename>languages/german/index.html</filename>
		<filename>languages/germani/index.php</filename>
		<filename>languages/germani/index.html</filename>
		<filename>languages/greek/index.php</filename>
		<filename>languages/greek/index.html</filename>		
		<filename>languages/indonesian/index.php</filename>
		<filename>languages/indonesian/index.html</filename>
		<filename>languages/italian/index.php</filename>
		<filename>languages/italian/index.html</filename>
		<filename>languages/lithuanian/index.php</filename>
		<filename>languages/lithuanian/index.html</filename>
		<filename>languages/norwegian/index.php</filename>
		<filename>languages/norwegian/index.html</filename>		
		<filename>languages/portuguese/index.php</filename>
		<filename>languages/portuguese/index.html</filename>
		<filename>languages/polish/index.php</filename>
		<filename>languages/polish/index.html</filename>
		<filename>languages/slovak/index.php</filename>
		<filename>languages/slovak/index.html</filename>
		<filename>languages/spanish/index.php</filename>
		<filename>languages/spanish/index.html</filename>
		<filename>languages/swedish/index.php</filename>
		<filename>languages/swedish/index.html</filename>
		<filename>languages/thai/index.php</filename>
		<filename>languages/thai/index.html</filename>
		<filename>themes/default/default.xml</filename>
		<filename>themes/default/index.html</filename>
		<filename>themes/default/style.css</filename>
		<filename>themes/default/template.html</filename>
		<filename>themes/default/theme.php</filename>
		<filename>upload/index.html</filename>
        <filename>index_image.gif</filename>
        <filename>images/box_left_icon.gif</filename>
        <filename>images/calendar_icon_16x16.png</filename>
        <filename>images/colorpicker.gif</filename>
        <filename>images/errormessage.gif</filename>
        <filename>images/icon_48x48.png</filename>
        <filename>images/icon-colorpicker.gif</filename>
        <filename>images/icon-print.gif</filename>
        <filename>images/jcal_logo.png</filename>
        <filename>images/mini_arrowleft.gif</filename>
        <filename>images/mini_arrowright.gif</filename>
        <filename>images/selected.gif</filename>
        <filename>images/spacer.gif</filename>
        <filename>images/tile_back1.gif</filename>
        <filename>images/txtboxbg.gif</filename>
        <filename>images/minipics/def_pic.gif</filename>
        
        <filename>themes/default/images/addsign_a.gif</filename>
        <filename>themes/default/images/addsign.gif</filename>
        <filename>themes/default/images/arrowleft.gif</filename>
        <filename>themes/default/images/arrowright.gif</filename>
        <filename>themes/default/images/banner.png</filename>
        <filename>themes/default/images/bannerbg.gif</filename>
        <filename>themes/default/images/bg1.gif</filename>
        <filename>themes/default/images/box_left_icon.gif</filename>
        <filename>themes/default/images/btn_bg.gif</filename>
        <filename>themes/default/images/btn_bold.gif</filename>
        <filename>themes/default/images/btn_center.gif</filename>
        <filename>themes/default/images/btn_image.gif</filename>
        <filename>themes/default/images/btn_italic.gif</filename>
        <filename>themes/default/images/btn_left.gif</filename>
        <filename>themes/default/images/btn_link.gif</filename>
        <filename>themes/default/images/btn_right.gif</filename>
        <filename>themes/default/images/btn_underline.gif</filename>
        <filename>themes/default/images/days1.gif</filename>
        <filename>themes/default/images/days2.gif</filename>
        <filename>themes/default/images/def_pic.gif</filename>
        <filename>themes/default/images/errormessage.gif</filename>
        <filename>themes/default/images/icon-add.gif</filename>
        <filename>themes/default/images/icon-addevent.gif</filename>
        <filename>themes/default/images/icon-apprevent.gif</filename>
        <filename>themes/default/images/icon-archive.gif</filename>
        <filename>themes/default/images/icon-calendarview.gif</filename>
        <filename>themes/default/images/icon-cat-active.gif</filename>
        <filename>themes/default/images/icon-cat-inactive.gif</filename>
        <filename>themes/default/images/icon-cats.gif</filename>
        <filename>themes/default/images/icon-colorpicker.gif</filename>
        <filename>themes/default/images/icon-daily.gif</filename>
        <filename>themes/default/images/icon-del.gif</filename>
        <filename>themes/default/images/icon-delevent.gif</filename>
        <filename>themes/default/images/icon-edit.gif</filename>
        <filename>themes/default/images/icon-editevent.gif</filename>
        <filename>themes/default/images/icon-event-active.gif</filename>
        <filename>themes/default/images/icon-event-enddate.gif</filename>
        <filename>themes/default/images/icon-event-inactive.gif</filename>
        <filename>themes/default/images/icon-event-middate.gif</filename>
        <filename>themes/default/images/icon-event-onedate.gif</filename>
        <filename>themes/default/images/icon-event-startdate.gif</filename>
        <filename>themes/default/images/icon-flyer.gif</filename>
        <filename>themes/default/images/icon-group.gif</filename>
        <filename>themes/default/images/icon-info.gif</filename>
        <filename>themes/default/images/icon-loginpic.gif</filename>
        <filename>themes/default/images/icon-mini-week.gif</filename>
        <filename>themes/default/images/icon-minus.gif</filename>
        <filename>themes/default/images/icon-photo.gif</filename>
        <filename>themes/default/images/icon-plus.gif</filename>
        <filename>themes/default/images/icon-print.gif</filename>
        <filename>themes/default/images/icon-recur-event-active.gif</filename>
        <filename>themes/default/images/icon-recur-event-inactive.gif</filename>
        <filename>themes/default/images/icon-release-dev.gif</filename>
        <filename>themes/default/images/icon-release.gif</filename>
        <filename>themes/default/images/icon-search.gif</filename>
        <filename>themes/default/images/icon-tag-menu.gif</filename>
        <filename>themes/default/images/icon-update.gif</filename>
        <filename>themes/default/images/icon-user-active.gif</filename>
        <filename>themes/default/images/icon-user-inactive.gif</filename>
        <filename>themes/default/images/icon-user-profile.jpg</filename>
        <filename>themes/default/images/icon-user.gif</filename>
        <filename>themes/default/images/icon-visibility.gif</filename>
        <filename>themes/default/images/icon-weekly.gif</filename>
        <filename>themes/default/images/logo.gif</filename>
        <filename>themes/default/images/mini_arrowleft_inactive.gif</filename>
        <filename>themes/default/images/mini_arrowleft.gif</filename>
        <filename>themes/default/images/mini_arrowright.gif</filename>
        <filename>themes/default/images/minical.png</filename>
        <filename>themes/default/images/preview.gif</filename>
        <filename>themes/default/images/rect.gif</filename>
        <filename>themes/default/images/tile_back1.gif</filename>
        <filename>themes/default/images/tile_sub.gif</filename>
        <filename>themes/default/images/txtboxbg.gif</filename>
	</files>
	<install>
		<queries>
			<query>CREATE TABLE IF NOT EXISTS #__jcalpro_categories (
					  cat_id int(11) NOT NULL auto_increment,
					  cat_parent int(11) NOT NULL default '0',
					  cat_name varchar(150) NOT NULL default '',
					  description text NOT NULL,
					  color varchar(10) default '#000000',
					  bgcolor varchar(10) default '#EEF0F0',
					  options tinyint(4) default '0',
					  level varchar(255) default '0',
					  published tinyint(1) default '0',
					  checked_out int(11) unsigned NOT NULL default '0',
					  checked_out_time datetime NOT NULL default '0000-00-00 00:00:00',
					  PRIMARY KEY  (cat_id)
					) TYPE=MyISAM;
			</query>
			<query>CREATE TABLE IF NOT EXISTS #__jcalpro_events (
					  extid int(11) NOT NULL auto_increment,
					  title varchar(255) NOT NULL default '',
					  description text NOT NULL,
					  contact text NOT NULL,
					  url varchar(100) NOT NULL default '',
					  email varchar(120) NOT NULL default '',
					  picture varchar(100) NOT NULL default '',
					  cat tinyint(2) NOT NULL default '0',
					  day tinyint(2) NOT NULL default '0',
					  month smallint(2) NOT NULL default '0',
					  year smallint(4) NOT NULL default '0',
					  approved tinyint(1) NOT NULL default '0',
					  start_date datetime NOT NULL default '0000-00-00 00:00:00',
					  end_date datetime default '0000-00-00 00:00:00',
					  recur_type varchar(16) default NULL,
					  recur_val tinyint(4) default '0',
					  recur_end_type tinyint(1) unsigned NOT NULL default '0',
					  recur_count tinyint unsigned NOT NULL default '0',
					  recur_until date default '0000-00-00',
					  published tinyint(1) default '0',
					  checked_out int(11) unsigned NOT NULL default '0',
					  checked_out_time datetime NOT NULL default '0000-00-00 00:00:00',
					  PRIMARY KEY  (extid),
					  KEY start_date (start_date)
					) TYPE=MyISAM;
			</query>
            <query>CREATE TABLE IF NOT EXISTS #__jcalpro_exclusions (
                      extid int(11) NOT NULL auto_increment,
                      eventid int(11) NOT NULL default '0',
                      start_date date NOT NULL default '0000-00-00',
                      approved tinyint(1) NOT NULL default '0',
                      published tinyint(1) default '0',
                      checked_out int(11) unsigned NOT NULL default '0',
                      checked_out_time datetime NOT NULL default '0000-00-00 00:00:00',
                      PRIMARY KEY  (extid)
                    ) TYPE=MyISAM;
            </query>
			<query>CREATE TABLE IF NOT EXISTS #__jcalpro_config (
					  name varchar(40) NOT NULL default '',
					  value varchar(255) NOT NULL default '',
					  checked_out int(11) unsigned NOT NULL default '0',
					  checked_out_time datetime NOT NULL default '0000-00-00 00:00:00',
					  PRIMARY KEY  (name)
					) TYPE=MyISAM;
			</query>
			
			<query>CREATE TABLE IF NOT EXISTS `#__jcalpro_themes` (
			  `id` int(11) NOT NULL auto_increment,
			  `name` varchar(100) NOT NULL default '',
			  `theme` varchar(100) NOT NULL default '',
			  `type` varchar(100) NOT NULL default 'plugins',
			  `icon` varchar(255) NOT NULL default '',
			  `published` tinyint(3) NOT NULL default '0',
			  `editable` tinyint(3) NOT NULL default '1',
			  `elements` varchar(255) NOT NULL default '',
			  `iscore` tinyint(3) NOT NULL default '0',
			  `client_id` tinyint(3) NOT NULL default '0',
			  `checked_out` int(11) unsigned NOT NULL default '0',
			  `checked_out_time` datetime NOT NULL default '0000-00-00 00:00:00',
			  `params` text NOT NULL,
			  PRIMARY KEY  (`id`),
			  UNIQUE KEY `plugin` (`theme`)
			) TYPE = MYISAM;
			</query>
					
			<query>INSERT IGNORE INTO #__jcalpro_themes VALUES ('', 'default', 'default', 'theme', 'default', 1, 1, '', 1, 0, 0, '0000-00-00 00:00:00', '');</query>
			
			<query>INSERT IGNORE INTO #__jcalpro_config VALUES ('cookie_name', 'jcalpro1', 0, '0000-00-00 00:00:00');</query>
			<query>INSERT IGNORE INTO #__jcalpro_config VALUES ('cookie_path', '/', 0, '0000-00-00 00:00:00');</query>
			<query>INSERT IGNORE INTO #__jcalpro_config VALUES ('debug_mode', '0', 0, '0000-00-00 00:00:00');</query>
			<query>INSERT IGNORE INTO #__jcalpro_config VALUES ('events_per_page', '10', 0, '0000-00-00 00:00:00');</query>
			<query>INSERT IGNORE INTO #__jcalpro_config VALUES ('calendar_name', 'JCal Pro Calendar', 0, '0000-00-00 00:00:00');</query>
			<query>INSERT IGNORE INTO #__jcalpro_config VALUES ('calendar_admin_email', '', 0, '0000-00-00 00:00:00');</query>
			<query>INSERT IGNORE INTO #__jcalpro_config VALUES ('calendar_description', 'Your online events calendar', 0, '0000-00-00 00:00:00');</query>
			<query>INSERT IGNORE INTO #__jcalpro_config VALUES ('lang', 'english', 0, '0000-00-00 00:00:00');</query>
			<query>INSERT IGNORE INTO #__jcalpro_config VALUES ('charset', 'language file', 0, '0000-00-00 00:00:00');</query>
			<query>INSERT IGNORE INTO #__jcalpro_config VALUES ('main_table_width', '100%', 0, '0000-00-00 00:00:00');</query>
			<query>INSERT IGNORE INTO #__jcalpro_config VALUES ('max_tabs', '12', 0, '0000-00-00 00:00:00');</query>
			<query>INSERT IGNORE INTO #__jcalpro_config VALUES ('theme', 'default', 0, '0000-00-00 00:00:00');</query>
			<query>INSERT IGNORE INTO #__jcalpro_config VALUES ('timezone', '-5', 0, '0000-00-00 00:00:00');</query>
			<query>INSERT IGNORE INTO #__jcalpro_config VALUES ('time_format_24hours', '0', 0, '0000-00-00 00:00:00');</query>
			<query>INSERT IGNORE INTO #__jcalpro_config VALUES ('auto_daylight_saving', '1', 0, '0000-00-00 00:00:00');</query>
			<query>INSERT IGNORE INTO #__jcalpro_config VALUES ('default_view', '2', 0, '0000-00-00 00:00:00');</query>
			<query>INSERT IGNORE INTO #__jcalpro_config VALUES ('popup_event_mode', '0', 0, '0000-00-00 00:00:00');</query>
			<query>INSERT IGNORE INTO #__jcalpro_config VALUES ('popup_event_width', '550', 0, '0000-00-00 00:00:00');</query>
			<query>INSERT IGNORE INTO #__jcalpro_config VALUES ('popup_event_height', '300', 0, '0000-00-00 00:00:00');</query>
			<query>INSERT IGNORE INTO #__jcalpro_config VALUES ('add_event_view', '1', 0, '0000-00-00 00:00:00');</query>
			<query>INSERT IGNORE INTO #__jcalpro_config VALUES ('cats_view', '1', 0, '0000-00-00 00:00:00');</query>
			<query>INSERT IGNORE INTO #__jcalpro_config VALUES ('daily_view', '1', 0, '0000-00-00 00:00:00');</query>
			<query>INSERT IGNORE INTO #__jcalpro_config VALUES ('weekly_view', '1', 0, '0000-00-00 00:00:00');</query>
			<query>INSERT IGNORE INTO #__jcalpro_config VALUES ('monthly_view', '1', 0, '0000-00-00 00:00:00');</query>
			<query>INSERT IGNORE INTO #__jcalpro_config VALUES ('flyer_view', '1', 0, '0000-00-00 00:00:00');</query>
			<query>INSERT IGNORE INTO #__jcalpro_config VALUES ('search_view', '1', 0, '0000-00-00 00:00:00');</query>
			<query>INSERT IGNORE INTO #__jcalpro_config VALUES ('day_start', '0', 0, '0000-00-00 00:00:00');</query>
			<query>INSERT IGNORE INTO #__jcalpro_config VALUES ('archive', '0', 0, '0000-00-00 00:00:00');</query>
			<query>INSERT IGNORE INTO #__jcalpro_config VALUES ('flyer_show_picture', '1', 0, '0000-00-00 00:00:00');</query>
			<query>INSERT IGNORE INTO #__jcalpro_config VALUES ('addevent_allow_html', '1', 0, '0000-00-00 00:00:00');</query>
			<query>INSERT IGNORE INTO #__jcalpro_config VALUES ('addevent_allow_contact', '1', 0, '0000-00-00 00:00:00');</query>
			<query>INSERT IGNORE INTO #__jcalpro_config VALUES ('addevent_allow_email', '1', 0, '0000-00-00 00:00:00');</query>
			<query>INSERT IGNORE INTO #__jcalpro_config VALUES ('addevent_allow_url', '1', 0, '0000-00-00 00:00:00');</query>
			<query>INSERT IGNORE INTO #__jcalpro_config VALUES ('new_post_notification', '1', 0, '0000-00-00 00:00:00');</query>
			<query>INSERT IGNORE INTO #__jcalpro_config VALUES ('cal_view_max_chars', '10000', 0, '0000-00-00 00:00:00');</query>
			<query>INSERT IGNORE INTO #__jcalpro_config VALUES ('flyer_view_max_chars', '10000', 0, '0000-00-00 00:00:00');</query>
			<query>INSERT IGNORE INTO #__jcalpro_config VALUES ('weekly_view_max_chars', '10000', 0, '0000-00-00 00:00:00');</query>
			<query>INSERT IGNORE INTO #__jcalpro_config VALUES ('daily_view_max_chars', '10000', 0, '0000-00-00 00:00:00');</query>
			<query>INSERT IGNORE INTO #__jcalpro_config VALUES ('cats_view_max_chars', '10000', 0, '0000-00-00 00:00:00');</query>
			<query>INSERT IGNORE INTO #__jcalpro_config VALUES ('mini_cal_def_picture', 'def_pic.gif', 0, '0000-00-00 00:00:00');</query>
			<query>INSERT IGNORE INTO #__jcalpro_config VALUES ('mini_cal_diplay_options', '1', 0, '0000-00-00 00:00:00');</query>
			<query>INSERT IGNORE INTO #__jcalpro_config VALUES ('release_name', 'Mambo Version of 2.0 Beta 1', 0, '0000-00-00 00:00:00');</query>
			<query>INSERT IGNORE INTO #__jcalpro_config VALUES ('release_version', 'Mambo Version of 2.00.25', 0, '0000-00-00 00:00:00');</query>
			<query>INSERT IGNORE INTO #__jcalpro_config VALUES ('release_type', 'Unique MamboServer Version', 0, '0000-00-00 00:00:00');</query>
			<query>INSERT IGNORE INTO #__jcalpro_config VALUES ('sort_order', 'ta', 0, '0000-00-00 00:00:00');</query>
			<query>INSERT IGNORE INTO #__jcalpro_config VALUES ('allow_user_registration', '1', 0, '0000-00-00 00:00:00');</query>
			<query>INSERT IGNORE INTO #__jcalpro_config VALUES ('reg_email_verify', '1', 0, '0000-00-00 00:00:00');</query>
			<query>INSERT IGNORE INTO #__jcalpro_config VALUES ('reg_duplicate_emails', '0', 0, '0000-00-00 00:00:00');</query>

			<query>INSERT IGNORE INTO #__jcalpro_config VALUES ('calendar_status', '1', 0, '0000-00-00 00:00:00');</query>
			<query>INSERT IGNORE INTO #__jcalpro_config VALUES ('show_recurrent_events', '1', 0, '0000-00-00 00:00:00');</query>
			<query>INSERT IGNORE INTO #__jcalpro_config VALUES ('multi_day_events', 'all', 0, '0000-00-00 00:00:00');</query>
			<query>INSERT IGNORE INTO #__jcalpro_config VALUES ('cal_view_show_week', '1', 0, '0000-00-00 00:00:00');</query>

			<query>INSERT IGNORE INTO #__jcalpro_config VALUES ('mail_method', 'mail', 0, '0000-00-00 00:00:00');</query>
			<query>INSERT IGNORE INTO #__jcalpro_config VALUES ('mail_smtp_host', 'smtp.myhost.com', 0, '0000-00-00 00:00:00');</query>
			<query>INSERT IGNORE INTO #__jcalpro_config VALUES ('mail_smtp_auth', '0', 0, '0000-00-00 00:00:00');</query>
			<query>INSERT IGNORE INTO #__jcalpro_config VALUES ('mail_smtp_username', '', 0, '0000-00-00 00:00:00');</query>
			<query>INSERT IGNORE INTO #__jcalpro_config VALUES ('mail_smtp_password', '', 0, '0000-00-00 00:00:00');</query>

			<query>INSERT IGNORE INTO #__jcalpro_config VALUES ('url_target_for_events', '_blank', 0, '0000-00-00 00:00:00');</query>
			<query>INSERT IGNORE INTO #__jcalpro_config VALUES ('capitalize_event_titles', '1', 0, '0000-00-00 00:00:00');</query>
			<query>INSERT IGNORE INTO #__jcalpro_config VALUES ('show_top_navigation_bar', '1', 0, '0000-00-00 00:00:00');</query>
			<query>INSERT IGNORE INTO #__jcalpro_config VALUES ('who_can_add_events', 'registered', 0, '0000-00-00 00:00:00');</query>
			<query>INSERT IGNORE INTO #__jcalpro_config VALUES ('who_can_edit_events', 'manager', 0, '0000-00-00 00:00:00');</query>
			<query>INSERT IGNORE INTO #__jcalpro_config VALUES ('who_can_delete_events', 'manager', 0, '0000-00-00 00:00:00');</query>
			<query>INSERT IGNORE INTO #__jcalpro_config VALUES ('who_can_approve_events', 'manager', 0, '0000-00-00 00:00:00');</query>
			<query>INSERT IGNORE INTO #__jcalpro_config VALUES ('show_recurrence_info_event_view', '1', 0, '0000-00-00 00:00:00');</query>
			<query>INSERT IGNORE INTO #__jcalpro_config VALUES ('show_recurrence_info_category_view', '1', 0, '0000-00-00 00:00:00');</query>
			<query>INSERT IGNORE INTO #__jcalpro_config VALUES ('sort_category_view_by', 'date_asc', 0, '0000-00-00 00:00:00');</query>
			<query>INSERT IGNORE INTO #__jcalpro_config VALUES ('show_only_start_times', '0', 0, '0000-00-00 00:00:00');</query>
			<query>INSERT IGNORE INTO #__jcalpro_config VALUES ('show_event_times_in_monthly_view', '0', 0, '0000-00-00 00:00:00');</query>
			<query>INSERT IGNORE INTO #__jcalpro_config VALUES ('show_event_times_in_flat_view', '1', 0, '0000-00-00 00:00:00');</query>
			<query>INSERT IGNORE INTO #__jcalpro_config VALUES ('show_event_times_in_weekly_view', '1', 0, '0000-00-00 00:00:00');</query>
			<query>INSERT IGNORE INTO #__jcalpro_config VALUES ('show_event_times_in_daily_view', '1', 0, '0000-00-00 00:00:00');</query>
			<query>INSERT IGNORE INTO #__jcalpro_config VALUES ('show_overlapping_recurrences_monthlyview', '1', 0, '0000-00-00 00:00:00');</query>
			<query>INSERT IGNORE INTO #__jcalpro_config VALUES ('show_overlapping_recurrences_flatview', '0', 0, '0000-00-00 00:00:00');</query>
			<query>INSERT IGNORE INTO #__jcalpro_config VALUES ('show_overlapping_recurrences_weeklyview', '0', 0, '0000-00-00 00:00:00');</query>
			<query>INSERT IGNORE INTO #__jcalpro_config VALUES ('show_overlapping_recurrences_dailyview', '0', 0, '0000-00-00 00:00:00');</query>
			<query>INSERT IGNORE INTO #__jcalpro_config VALUES ('allow_javascript_in_event_urls', '0', 0, '0000-00-00 00:00:00');</query>
		</queries>
	</install>
	<uninstall>
		<queries>
		</queries>
	</uninstall>
	<installfile>install.jcalpro.php</installfile>
	<uninstallfile>uninstall.jcalpro.php</uninstallfile>
	<administration>
		<menu>JCal Pro</menu>
			<submenu>
				<menu task="editSettings">Edit Settings</menu>
				<menu task="showCategories">Manage Event Categories</menu>
				<menu task="dummy">Manage Events</menu>	
				<menu task="showthemes">Show Themes</menu>
				<menu task="dummy">Install Themes</menu>
				<menu task="about">About</menu>
				<menu task="documentation">Documentation</menu>
			</submenu>
		<files folder="admin">
			<filename>admin_settings.php</filename>
			<filename>admin.config.inc.php</filename>
			<filename>admin.jcalpro.html.php</filename>
			<filename>admin.jcalpro.php</filename>
			<filename>install.jcalpro.php</filename>
            <filename>controller.php</filename>
			<filename>toolbar.jcalpro.html.php</filename>
			<filename>toolbar.jcalpro.php</filename>
			<filename>uninstall.jcalpro.php</filename>
			<filename>index.html</filename>
			
			<filename>installer/index.html</filename>
			<filename>installer/installer.class.php</filename>
			<filename>installer/installer.html.php</filename>
			<filename>installer/installer.php</filename>
			
			<filename>installer/themes/index.html</filename>
			<filename>installer/themes/themes.class.php</filename>
			<filename>installer/themes/themes.html.php</filename>
			<filename>installer/themes/themes.php</filename>
            
            <filename>controllers/events.php</filename>
            <filename>controllers/events.html.php</filename>
            <filename>controllers/theme.php</filename>
            <filename>controllers/index.html</filename>

			<filename>themes/index.html</filename>
			<filename>themes/themes.class.php</filename>
			<filename>themes/themes.html.php</filename>
			<filename>themes/themes.php</filename>
            <filename>views/default/view.php</filename>
            <filename>views/default/index.html</filename>
            <filename>views/events/view.html.php</filename>
            <filename>views/events/index.html</filename>
            <filename>views/main/view.php</filename>
            <filename>views/main/index.html</filename>
            <filename>views/main/tmpl/default.php</filename>
            <filename>views/main/tmpl/index.html</filename>
            <filename>views/theme/view.php</filename>
            <filename>views/theme/index.html</filename>
            <filename>views/theme/tmpl/default.php</filename>
            <filename>views/theme/tmpl/index.html</filename>
            
			<filename>includes/events.php</filename>
			<filename>includes/events.html.php</filename>
			<filename>includes/index.html</filename>
		</files>
	</administration>
</install>