<?xml version="1.0" encoding="utf-8"?>
<install version="1.5" type="plugin" group="search">
	<name>JCal Pro Search plugin</name>
	<author>Anything Digital</author>
	<creationDate>2008-07-13</creationDate>
	<copyright>2008 Anything Digital</copyright>
	<license>http://www.gnu.org/copyleft/gpl.html GNU/GPL</license>
	<authorEmail>admin@anything-digital.com</authorEmail>
	<authorUrl>dev.anything-digital.com</authorUrl>
	<version>1.5.3 (build_282)</version>
	<description>Search plugin for JCal Pro</description>
	<files>
		<filename plugin="bot_jcalpro_search">bot_jcalpro_search.php</filename>
	</files>
</install>
