<?xml version="1.0" ?>
<joomfish type="contentelement">
  <name>GCalendar</name>
  <author>allon</author>
  <version>2.0.1</version>
  <description>Definition for Google calendar Component</description>
  <reference>
  	<table name="gcalendar">
  		<field type="referenceid" name="id" translate="0">ID</field>
  		<field type="titletext" name="name" translate="1">Name</field>
		<field type="htmltext" name="htmlUrl" translate="1">HTML Url</field>
		<field type="htmltext" name="xmlUrl" translate="1">XML Url</field>
		<field type="htmltext" name="icalUrl" translate="1">ICAL Url</field>
  	</table>
  </reference>	  
</joomfish>
